{
  "cameras": [
    {
      "id": "camera_0",
      "intrinsics": {
        "fx": 807,
        "fy": 797,
        "cx": 324,
        "cy": 247
      },
      "pose": {
        "R": [
          [
            0.9999353484538069,
            -0.0050386817351016555,
            0.010193654837010043
          ],
          [
            0.00498745283551963,
            0.9999748375297638,
            0.005044761791804572
          ],
          [
            -0.010218817288571715,
            -0.004993595267433644,
            0.9999353177978701
          ]
        ],
        "t": [
          -0.1913280244657798,
          -0.1724917832513033,
          -0.05622875292409727
        ]
      }
    },
    {
      "id": "camera_1",
      "intrinsics": {
        "fx": 734,
        "fy": 754,
        "cx": 294,
        "cy": 194
      },
      "pose": {
        "R": [
          [
            0.9999638959736994,
            0.0059673895610421485,
            0.006049546340644613
          ],
          [
            -0.0059593832235789535,
            0.9999813440652113,
            -0.0013406241566414905
          ],
          [
            -0.006057433507300035,
            0.0013045241897393374,
            0.9999808026737034
          ]
        ],
        "t": [
          -0.02916937497932768,
          -0.060170661222939695,
          0.18522781845089378
        ]
      }
    },
    {
      "id": "camera_2",
      "intrinsics": {
        "fx": 849,
        "fy": 832,
        "cx": 406,
        "cy": 292
      },
      "pose": {
        "R": [
          [
            0.9999237393686526,
            -0.010734243148802981,
            -0.006106674302131707
          ],
          [
            0.010748764856553268,
            0.9999394685312785,
            0.0023501760449730984
          ],
          [
            0.006081077295057956,
            -0.002415636025193942,
            0.9999785923716196
          ]
        ],
        "t": [
          -0.07198442083947086,
          -0.046063877095978756,
          0.10571222262189157
        ]
      }
    },
    {
      "id": "camera_3",
      "intrinsics": {
        "fx": 704,
        "fy": 675,
        "cx": 251,
        "cy": 248
      },
      "pose": {
        "R": [
          [
            0.9999923677318078,
            -0.0016268875215785128,
            0.0035521423287915954
          ],
          [
            0.001649891230154072,
            0.9999776259006219,
            -0.0064827121703863394
          ],
          [
            -0.0035415162092699145,
            0.006488523341065232,
            0.9999726779906495
          ]
        ],
        "t": [
          -0.01856589766638171,
          -0.11063349740060283,
          -0.11962066240806708
        ]
      }
    },
    {
      "id": "camera_4",
      "intrinsics": {
        "fx": 914,
        "fy": 924,
        "cx": 449,
        "cy": 357
      },
      "pose": {
        "R": [
          [
            0.9998280120918994,
            -0.01103399644302831,
            0.014906279175458514
          ],
          [
            0.010978151532444287,
            0.9999324299555308,
            0.0038230501119554685
          ],
          [
            -0.014947455478849006,
            -0.003658749201991309,
            0.9998815865536205
          ]
        ],
        "t": [
          -0.029900735046586743,
          0.00917607765355023,
          -0.1987568914600893
        ]
      }
    }
  ]
}